,Sign,Mean Rating,Median Rating,Median RT,Mean Log (RT)
0,Time,6.42,7,"2,335",7.82
1,Home,6.37,7,"2,451",7.92
2,Night,6.34,7,"2,359",7.87
3,Internet,6.24,7,"2,628",7.89
4,Drink,6.22,7,"2,543",7.87
5,Work,6.2,7,"2,578",7.87
6,Understand,6.19,7,"2,565",7.88
7,Happy,6.17,6,"2,546",7.91
8,Toilet,6.14,7,"2,453",7.87
9,Food/Eat,6.14,7,"2,533",7.91
10,Television,6.12,7,"2,636",7.93
11,Car,6.1,7,"2,578",7.96
12,Finish,6.07,7,"2,868",7.95
13,Chat,6.03,7,"2,425",7.85
14,9 o'clock,6.03,7,"3,092",8.08
15,Week,6.02,6,"2,685",7.92
16,Morning,6.0,6,"2,603",7.91
17,Please,6.0,7,"2,579",7.91
18,Parents,6.0,7,"2,424",7.86
19,Sorry,5.98,6,"2,664",7.93
20,Friday,5.98,6,"2,702",8.01
21,Good,5.95,6,"2,550",7.88
22,Mother,5.85,6,"2,242",7.78
23,Phone,5.85,6,"2,526",7.92
24,No,5.85,6,"2,596",7.99
25,Hungry,5.83,6,"2,440",7.89
26,Me,5.81,7,"2,757",8.0
27,Shopping,5.81,6,"2,598",7.89
28,Milk,5.81,6,"2,443",7.89
29,Money,5.71,6,"2,523",7.9
30,Boy,5.68,6,"2,430",7.9
31,Article,5.66,6,"2,584",7.99
32,What-for,5.66,6,"2,542",7.91
33,Wish,5.64,6,"2,574",7.93
34,Get,5.64,6,"2,470",7.89
35,Communication,5.63,6,"2,659",7.94
36,Book,5.63,6,"2,682",7.99
37,Family,5.61,6,"2,503",7.88
38,In which,5.59,6,"2,575",7.95
39,Same,5.59,6,"2,605",7.95
40,Sleep,5.58,6,"2,718",8.01
41,Numbers,5.53,6,"2,540",7.89
42,New,5.53,6,"2,676",7.97
43,Experience,5.51,6,"2,715",8.0
44,Canada,5.49,6,"2,601",7.91
45,Play,5.49,5,"2,430",7.93
46,Show,5.49,6,"2,469",7.99
47,Last,5.49,5,"2,677",7.97
48,Father,5.47,6,"2,589",7.89
49,Wait,5.46,6,"2,409",7.87
50,Bread,5.46,6,"2,673",7.98
51,Break,5.42,6,"2,611",7.94
52,Bad,5.42,6,"2,657",7.93
53,Learn,5.42,6,"2,617",7.92
54,Year,5.42,6,"2,683",7.97
55,Which,5.41,6,"2,543",7.9
56,Announce,5.41,5,"2,637",7.93
57,Explain,5.41,6,"2,568",7.96
58,Worry,5.41,6,"2,757",7.93
59,Cancel,5.41,5,"2,647",7.98
60,Decide,5.37,5,"2,722",7.98
61,Warn,5.37,6,"2,513",7.91
62,Key,5.34,6,"2,717",7.99
63,Look-for,5.34,5,"2,579",7.96
64,Feel,5.32,5,"2,564",7.94
65,High,5.32,5,"2,390",7.88
66,Anyway,5.32,6,"2,581",7.92
67,Tired,5.31,6,"2,471",7.86
68,Know,5.31,6,"2,585",7.91
69,Equal,5.29,5,"2,608",7.92
70,More,5.29,5,"2,606",7.94
71,Hockey,5.27,5,"2,466",7.92
72,Print,5.27,5,"2,806",8.0
73,Angry,5.27,5,"2,551",7.95
74,Monday,5.27,6,"3,022",8.03
75,Pretty,5.25,5,"2,458",7.97
76,Sick,5.25,5,"2,579",7.9
77,Travel,5.24,5,"2,593",7.96
78,Make,5.24,6,"2,541",7.94
79,Fast,5.22,5,"2,726",8.0
80,Other,5.22,5,"2,564",7.99
81,Graduate,5.22,5,"2,583",7.94
82,Check,5.22,5,"2,801",7.97
83,Day,5.2,6,"2,789",8.0
84,Man,5.2,5,"2,834",7.98
85,Hour,5.2,6,"3,125",8.07
86,Responsible,5.15,5,"2,451",7.9
87,Washing machine,5.15,5,"2,481",7.91
88,Baby,5.15,5,"2,748",7.95
89,Health,5.15,5,"2,629",7.94
90,Brother,5.15,5,"2,592",7.94
91,Salad,5.14,5,"2,731",7.94
92,Who,5.14,5,"2,743",7.98
93,For,5.14,6,"2,476",7.89
94,Hearing (person),5.14,6,"2,759",8.02
95,Magazine,5.14,5,"2,700",7.94
96,Glasses,5.14,5,"2,784",7.98
97,Girl,5.12,5,"2,720",7.99
98,Borrow,5.12,5,"2,582",7.89
99,Call,5.1,5,"2,554",7.91
100,Medicine,5.1,5,"2,727",7.97
101,College,5.1,5,"2,692",7.94
102,City,5.1,5,"2,677",7.93
103,Jacket,5.1,5,"2,815",8.02
104,Game,5.1,5,"2,627",7.92
105,Cost,5.08,5,"2,705",7.93
106,Trouble,5.08,5,"2,777",7.98
107,Thirst,5.08,5,"2,554",7.94
108,Thing,5.08,5,"2,613",7.98
109,Life,5.08,5,"2,479",7.9
110,Vegetables,5.08,5,"2,664",7.98
111,University,5.08,5,"2,687",7.99
112,Wednesday,5.08,5,"2,938",8.01
113,Bath,5.08,5,"2,470",7.91
114,School,5.05,5,"2,692",7.96
115,Hard,5.03,5,"2,745",7.92
116,Bored,5.03,5,"2,948",8.02
117,Camera,5.02,5,"2,493",7.86
118,Four,5.0,5,"2,765",8.02
119,Past,5.0,5,"2,906",8.04
120,Laugh,5.0,5,"2,671",8.0
121,Movies,5.0,5,"2,760",7.97
122,Don't mind,5.0,5,"2,849",7.98
123,Cabbage,4.98,5,"2,719",7.97
124,Much,4.98,5,"2,595",7.95
125,World,4.97,5,"2,743",8.0
126,Heart,4.95,5,"2,655",7.98
127,Thursday,4.95,5,"2,906",8.04
128,Chair,4.95,5,"2,504",7.92
129,Breakdown,4.95,5,"2,474",7.85
130,Imagine,4.95,5,"2,676",8.01
131,Age,4.95,5,"2,572",7.93
132,Stress,4.93,5,"2,617",7.95
133,Sad,4.93,5,"2,520",7.91
134,Relationship,4.93,5,"2,535",7.9
135,Summer,4.93,5,"2,765",8.0
136,Children,4.92,5,"2,592",7.9
137,Establish,4.92,5,"2,439",7.92
138,Hair,4.92,5,"2,899",8.0
139,Son,4.92,5,"2,668",8.01
140,Leave,4.9,5,"2,718",7.98
141,My,4.9,5,"2,989",8.05
142,Afraid,4.88,5,"2,561",7.9
143,Surprise,4.88,5,"2,472",7.93
144,Favorite,4.86,5,"2,627",7.95
145,Chocolate,4.83,5,"2,553",7.97
146,Letter,4.83,5,"2,704",8.01
147,Lecture,4.81,5,"2,507",7.91
148,Hamburger,4.81,5,"2,720",7.96
149,America,4.81,5,"2,933",8.04
150,Act,4.81,5,"2,897",8.03
151,Accident,4.8,5,"2,686",7.97
152,Brave,4.8,5,"2,748",8.02
153,Mind,4.78,5,"2,660",7.95
154,Disagree,4.78,5,"3,061",8.04
155,Headache,4.78,5,"2,552",7.95
156,Invite,4.78,5,"2,792",7.99
157,Weak,4.76,5,"2,661",8.0
158,Careful,4.76,5,"2,620",8.0
159,Room,4.75,5,"2,630",7.9
160,Pity,4.73,5,"2,532",7.89
161,Hotdog,4.71,5,"2,704",7.97
162,Cold,4.71,5,"2,669",7.96
163,Language,4.71,5,"2,664",7.99
164,Late,4.71,5,"2,669",7.96
165,Have,4.71,5,"3,055",8.02
166,Friendly,4.71,5,"2,379",7.93
167,France,4.69,5,"2,779",7.98
168,Victim,4.68,5,"2,626",7.94
169,Agree,4.68,5,"3,041",8.04
170,Pain,4.68,5,"2,752",8.05
171,Impossible,4.68,5,"3,040",8.05
172,Misunderstand,4.68,5,"2,760",8.01
173,Strange,4.68,5,"2,704",7.97
174,Expensive,4.66,5,"2,835",8.01
175,Stubborn,4.66,5,"2,505",7.9
176,Fall (autumn),4.66,4,"2,603",7.93
177,Wonder,4.66,5,"2,772",7.98
178,Run,4.66,5,"2,557",7.97
179,Tea,4.64,5,"2,585",7.97
180,Behind,4.64,5,"2,941",8.02
181,Center,4.64,4,"2,647",7.98
182,Dream,4.64,5,"2,719",7.95
183,Challenge,4.63,5,"2,942",8.05
184,Moron,4.63,5,"2,661",8.0
185,Patient (adj),4.63,5,"2,663",7.97
186,Because,4.63,5,"2,656",8.0
187,Reason,4.63,5,"2,576",7.96
188,Vacation,4.61,5,"2,844",7.94
189,Drunk,4.61,5,"2,790",7.98
190,Price,4.59,4,"3,634",8.31
191,Type/Kind,4.59,5,"2,635",7.94
192,Country,4.59,5,"2,826",7.98
193,Require,4.58,5,"2,593",7.99
194,Potato,4.58,4,"2,654",8.06
195,Birth,4.58,5,"2,861",8.0
196,Emotion,4.58,5,"2,774",7.98
197,Exercise,4.56,4,"2,961",8.07
198,Court,4.56,5,"2,618",7.97
199,Fight,4.56,5,"2,532",7.93
200,Multiply,4.54,5,"2,820",7.99
201,Warm,4.54,5,"2,885",8.03
202,And,4.54,5,"3,222",8.13
203,Miss/Gone,4.54,5,"2,330",7.9
204,Color,4.54,4,"2,697",7.97
205,$5,4.54,5,"2,843",7.99
206,Body,4.53,5,"2,833",8.01
207,Machine,4.53,5,"2,561",7.97
208,Two,4.53,4,"3,126",8.07
209,Apple,4.53,5,"2,483",7.9
210,Kid,4.53,5,"2,704",8.0
211,Ask,4.51,5,"2,716",7.98
212,Rude,4.51,5,"3,011",7.99
213,Knife,4.51,5,"3,014",8.08
214,Rain,4.51,5,"2,842",8.0
215,Person,4.49,5,"3,117",8.04
216,Win,4.49,4,"3,001",8.12
217,Onion,4.49,4,"2,738",7.94
218,Thin,4.49,5,"2,695",7.96
219,Drop,4.47,5,"2,909",7.97
220,Three,4.47,5,"2,882",8.02
221,Appointment,4.47,4,"2,962",8.04
222,Honor,4.47,5,"2,433",7.86
223,Shower,4.47,5,"3,134",8.07
224,Butter,4.47,5,"2,716",8.01
225,Honest,4.47,5,"2,634",7.95
226,Blue,4.47,4,"2,843",7.97
227,Power,4.47,5,"3,239",8.21
228,That,4.47,5,"2,828",8.03
229,Animal,4.46,4,"2,862",8.08
230,Bird,4.46,4,"2,732",7.95
231,Cry,4.46,4,"2,515",7.92
232,Gallaudet,4.46,4,"3,072",8.06
233,Debt,4.46,5,"2,771",8.01
234,Drama,4.46,5,"2,759",7.97
235,Suspect,4.44,4,"2,835",8.04
236,Sunny,4.44,5,"2,957",8.07
237,Fire,4.44,4,"2,576",7.94
238,Poor,4.44,4,"2,905",7.99
239,Beer,4.44,4,"2,881",8.04
240,Baggage,4.44,5,"2,658",7.92
241,Hospital,4.44,4,"2,897",8.03
242,Green,4.44,4,"2,672",7.92
243,Shirt,4.42,5,"2,827",8.03
244,Counselor,4.42,4,"2,810",7.98
245,Congratulations,4.41,4,"2,715",7.96
246,Caption,4.41,4,"2,885",8.07
247,Grandmother,4.41,4,"2,899",8.03
248,Tempt,4.39,4,"2,548",7.89
249,High School,4.39,4,"2,691",7.93
250,Cereal,4.39,4,"2,803",8.05
251,Grandfather,4.37,4,"2,764",7.98
252,Basement,4.37,4,"2,727",7.91
253,Some,4.37,4,"2,804",8.0
254,Banana,4.36,4,"3,024",8.1
255,Bowl,4.36,4,"2,786",7.95
256,Grow,4.36,4,"2,712",7.98
257,Serious,4.36,4,"2,820",8.0
258,Red,4.34,5,"2,703",7.99
259,Cup,4.32,4,"2,965",8.06
260,French-fries,4.32,4,"3,179",8.09
261,Deep,4.31,4,"2,869",8.03
262,Cookie,4.29,4,"2,478",7.91
263,Secret,4.27,4,"3,071",8.07
264,Cheese,4.27,4,"2,846",7.99
265,Appear,4.27,4,"2,964",8.0
266,70,4.27,4,"3,025",8.14
267,Character,4.27,4,"2,810",7.99
268,Box,4.27,4,"2,852",8.07
269,Freeway,4.25,4,"2,869",8.02
270,Flower,4.25,4,"2,540",7.93
271,After,4.24,4,"2,921",8.01
272,Black,4.24,4,"2,767",8.04
273,Sentence,4.24,4,"2,985",8.03
274,Awkward,4.24,4,"2,940",8.06
275,89,4.22,4,"3,507",8.21
276,Earn,4.22,4,"2,497",7.96
277,Tournament,4.22,4,"2,806",7.94
278,Math,4.22,4,"2,633",7.95
279,Shy,4.22,4,"2,712",7.95
280,Punish,4.2,4,"2,346",7.89
281,Fruit,4.2,4,"2,686",8.01
282,Fault,4.2,5,"2,860",8.07
283,Measure,4.2,4,"2,677",7.93
284,Divorce,4.19,4,"2,794",7.97
285,Vote,4.19,4,"2,887",7.98
286,Class,4.19,4,"2,709",7.97
287,About,4.17,4,"2,836",7.99
288,Baseball,4.17,4,"2,640",7.97
289,Embarrass,4.17,4,"2,732",7.96
290,Government,4.15,4,"2,716",7.96
291,Cruel,4.14,4,"2,612",7.93
292,Train,4.14,4,"2,713",8.01
293,Slow,4.14,4,"2,934",8.03
294,Strict,4.14,4,"2,833",8.01
295,Accomplish,4.14,4,"2,648",7.93
296,Blood,4.12,4,"3,052",8.06
297,Scissors,4.12,4,"2,572",7.91
298,Peace,4.12,4,"2,953",8.05
299,Ball,4.1,4,"2,854",8.04
300,Ice Cream,4.1,4,"2,925",8.0
301,Ugly,4.1,4,"2,752",7.96
302,Real,4.08,4,"2,783",8.05
303,Europe,4.08,4,"2,806",7.97
304,Nothing,4.05,4,"2,863",8.03
305,Cabinet,4.05,4,"2,910",8.02
306,Certificate,4.05,4,"2,481",7.92
307,Waste,4.05,4,"2,721",8.02
308,History,4.03,4,"2,802",8.01
309,Secretary,4.02,4,"3,106",8.07
310,Doubt,4.02,4,"2,747",7.99
311,Cousin,4.02,4,"2,733",7.97
312,England,4.02,4,"3,116",8.11
313,Star,4.02,4,"3,015",8.02
314,Protect,4.02,4,"2,815",8.01
315,Mock,4.0,4,"2,754",8.0
316,Hat,4.0,4,"2,849",8.03
317,Religion,4.0,4,"2,653",7.97
318,Quiet,3.98,4,"2,917",7.99
319,Pie,3.98,4,"2,831",8.02
320,Balance,3.97,4,"2,681",8.01
321,Spaghetti,3.97,4,"2,879",8.07
322,Cough,3.97,4,"2,993",8.06
323,Moon,3.93,4,"3,030",8.01
324,Skate,3.92,4,"2,871",8.05
325,Lightweight,3.92,4,"2,957",8.02
326,Oral,3.9,4,"2,754",8.0
327,Cow,3.9,4,"2,700",8.0
328,Catholic,3.88,4,"2,765",7.94
329,Pill,3.88,4,"2,831",8.03
330,Farm,3.86,4,"2,751",7.97
331,Orange,3.85,4,"2,882",7.99
332,Voice,3.83,4,"2,830",8.04
333,Church,3.83,4,"2,791",7.99
334,Horse,3.81,3,"2,422",7.86
335,Salt,3.81,4,"2,965",8.05
336,King,3.8,3,"2,674",7.96
337,Basketball,3.78,4,"2,587",7.92
338,Smoke (to),3.78,4,"2,842",8.08
339,Yourself,3.78,4,"2,981",8.05
340,Football,3.78,4,"2,723",7.97
341,Subtract,3.78,4,"2,651",7.95
342,Tall,3.75,4,"2,550",7.88
343,Wet,3.73,4,"2,819",8.02
344,Swallow,3.73,4,"2,983",8.07
345,Sew,3.71,4,"2,631",7.92
346,Mirror,3.71,3,"2,905",8.04
347,Purple,3.69,4,"2,616",7.89
348,Butterfly,3.69,4,"2,730",7.92
349,Research,3.69,4,"2,886",8.01
350,Bridge,3.68,4,"2,691",7.93
351,Traffic,3.68,4,"2,801",8.02
352,Candy,3.68,4,"2,765",8.0
353,Island,3.66,4,"2,664",7.96
354,Pray,3.66,3,"2,804",8.01
355,Blind,3.64,4,"2,722",8.04
356,Engagement,3.64,4,"2,815",8.02
357,Insect,3.64,4,"2,752",7.98
358,New York,3.64,4,"2,660",8.0
359,Army,3.64,4,"2,704",7.94
360,Clergy,3.64,4,"2,805",8.05
361,Lipstick,3.63,4,"2,815",8.02
362,Silly,3.63,4,"2,724",7.96
363,Fall (down),3.61,3,"2,687",8.01
364,Jewish,3.59,3,"2,734",7.96
365,Sunset,3.58,3,"2,675",7.96
366,Russia,3.58,3,"2,568",7.97
367,Boss,3.58,3,"2,695",8.0
368,Lie,3.56,4,"2,603",7.96
369,Pile,3.54,4,"2,924",8.05
370,Hearing-aid,3.53,3,"2,716",7.99
371,Grass,3.49,4,"2,795",7.97
372,Puzzled,3.49,3,"2,861",8.0
373,Beard,3.47,3,"2,810",8.05
374,Umbrella,3.46,3,"2,765",7.97
375,Furniture,3.44,3,"3,355",8.09
376,Comb,3.42,3,"2,969",8.04
377,Front,3.39,3,"2,569",7.98
378,Nurse,3.39,3,"2,900",8.02
379,Socks,3.39,3,"3,461",8.22
380,Delicious,3.37,3,"2,593",7.94
381,Stomach,3.37,3,"2,812",8.02
382,Monkey,3.36,3,"2,703",8.03
383,Rabbit,3.34,3,"2,525",7.96
384,Drawer,3.32,3,"3,374",8.13
385,Kneel,3.32,3,"2,805",8.03
386,Hammer,3.32,3,"2,891",8.11
387,Nephew,3.31,3,"2,894",8.03
388,Indian,3.29,3,"3,101",8.09
389,Eye,3.29,3,"3,037",8.1
390,Earring,3.29,3,"2,964",8.05
391,Tear,3.27,3,"2,880",8.08
392,Polite,3.27,3,"3,018",8.05
393,Bake,3.25,3,"2,684",8.0
394,Stamp,3.25,3,"2,724",8.01
395,Sheep,3.24,3,"2,724",7.95
396,Pig,3.24,3,"2,586",7.89
397,Wristwatch,3.22,3,"3,128",8.03
398,Mouth,3.2,3,"3,074",8.03
399,Thief,3.2,3,"2,497",7.92
400,Cute,3.19,3,"2,890",7.99
401,Cigarette,3.17,3,"2,842",7.97
402,Parade,3.17,3,"2,675",7.96
403,Hunt,3.15,3,"3,563",8.18
404,Throw,3.1,3,"2,965",8.07
405,Turtle,3.08,3,"2,819",7.99
406,Israel,3.08,3,"2,961",8.02
407,Mustache,3.07,3,"2,752",7.97
408,Pipe,3.03,3,"3,128",8.06
409,Clown,3.03,3,"2,803",7.99
410,Snob,2.98,2,"2,743",7.95
411,Cracker,2.97,3,"2,834",8.0
412,Fish,2.97,3,"2,583",7.91
413,Freckles,2.93,3,"2,823",7.99
414,Weather,2.93,2,"2,975",8.05
415,Hairdryer,2.92,3,"2,883",8.08
416,Few,2.9,3,"2,738",8.02
417,Lonely,2.88,3,"2,850",8.04
418,Knob,2.8,3,"3,120",8.03
419,Captain,2.76,3,"2,805",8.05
420,Fat,2.73,2,"2,884",8.1
421,Talk/Dialogue,2.69,2,"2,973",8.05
422,Shorts,2.54,2,"2,903",8.08
423,Ring,2.51,2,"2,919",8.06
424,Lose-game,2.47,2,"3,090",8.1
425,Egypt,2.46,2,"2,617",7.97
426,Greece,2.42,2,"2,959",8.04
427,Radio,2.34,2,"2,768",8.04
428,Mumps,2.22,2,"2,775",7.98
429,Poison/Bone,2.22,2,"2,610",8.0
430,Wear,2.1,1,"2,686",7.99
431,Speak/Talk,1.97,1,"2,644",7.97
