,precision,recall,f1-score,support
1 DOLLAR,0.8,1.0,0.8888888888888888,4.0
5 DOLLARS,0.8333333333333334,1.0,0.9090909090909091,5.0
9 OCLOCK,1.0,1.0,1.0,4.0
A LINE BOB,1.0,1.0,1.0,4.0
A LITTLE BIT,1.0,1.0,1.0,5.0
ABBREVIATE,1.0,1.0,1.0,4.0
ABOVE,1.0,1.0,1.0,5.0
ABSOLUTELY NOTHING,1.0,0.8,0.8888888888888888,5.0
ACCENT,1.0,1.0,1.0,5.0
ACCEPT,1.0,1.0,1.0,5.0
ACCESS,0.8333333333333334,1.0,0.9090909090909091,5.0
ACCIDENT,0.8333333333333334,1.0,0.9090909090909091,5.0
ACCOMPLISH,1.0,0.8,0.8888888888888888,5.0
ACCORDION,1.0,1.0,1.0,5.0
ACCOUNTANT,1.0,1.0,1.0,5.0
ACQUIRE,1.0,1.0,1.0,4.0
ACT,1.0,1.0,1.0,5.0
ACTION,1.0,1.0,1.0,5.0
ACTOR,1.0,1.0,1.0,4.0
ADD,1.0,1.0,1.0,5.0
ADDICT,1.0,1.0,1.0,5.0
ADDRESS,0.625,1.0,0.7692307692307693,5.0
ADMIRE,1.0,1.0,1.0,5.0
ADMIT,0.8,1.0,0.8888888888888888,4.0
ADOPT,1.0,1.0,1.0,5.0
ADULT,1.0,1.0,1.0,5.0
ADVANTAGE,1.0,1.0,1.0,5.0
ADVERTISE,1.0,1.0,1.0,4.0
AFRICA,1.0,1.0,1.0,5.0
AFTER,1.0,1.0,1.0,5.0
AGAIN,1.0,1.0,1.0,5.0
AGAINST,1.0,1.0,1.0,5.0
AGE,1.0,1.0,1.0,4.0
AGENCY,1.0,1.0,1.0,5.0
AGREEMENT,0.8333333333333334,1.0,0.9090909090909091,5.0
AIRPLANE,0.8333333333333334,1.0,0.9090909090909091,5.0
ALARM,0.8,1.0,0.8888888888888888,4.0
ALASKA,1.0,1.0,1.0,5.0
ALCOHOL,1.0,1.0,1.0,4.0
ALIGN,1.0,1.0,1.0,5.0
ALL,0.8,0.8,0.8,5.0
ALL DAY,1.0,1.0,1.0,4.0
ALL GONE,1.0,1.0,1.0,5.0
ALL OF SUDDEN,1.0,1.0,1.0,5.0
ALL OVER BODY,1.0,1.0,1.0,5.0
ALL TOGETHER,1.0,1.0,1.0,4.0
ALL WAY,1.0,1.0,1.0,4.0
ALONE,1.0,1.0,1.0,4.0
ALPHABET,0.8333333333333334,1.0,0.9090909090909091,5.0
ALWAYS,1.0,1.0,1.0,5.0
AMAZING,0.8,1.0,0.8888888888888888,4.0
AMERICA,1.0,0.8,0.8888888888888888,5.0
ANALYZE,1.0,0.8,0.8888888888888888,5.0
AND,1.0,1.0,1.0,5.0
ANGEL,1.0,1.0,1.0,5.0
ANGRY,1.0,0.8,0.8888888888888888,5.0
ANIMAL,0.7142857142857143,1.0,0.8333333333333334,5.0
ANNOUNCE,0.8333333333333334,1.0,0.9090909090909091,5.0
ANSWER,0.8333333333333334,1.0,0.9090909090909091,5.0
ANTLERS,1.0,1.0,1.0,5.0
ANY,1.0,1.0,1.0,5.0
APART,0.8333333333333334,1.0,0.9090909090909091,5.0
APPEAR,1.0,1.0,1.0,5.0
APPOINTMENT,1.0,1.0,1.0,4.0
APRIL,1.0,1.0,1.0,5.0
ARCHEOLOGY,1.0,0.8,0.8888888888888888,5.0
AREA,0.6,0.6,0.6,5.0
ARGUE,1.0,1.0,1.0,5.0
ARIZONA,1.0,0.6,0.75,5.0
ARM,0.8181818181818182,0.9,0.8571428571428571,10.0
ARMY,1.0,0.8,0.8888888888888888,5.0
ARREST1,1.0,1.0,1.0,5.0
ARREST2,1.0,1.0,1.0,5.0
ARREST3,1.0,1.0,1.0,5.0
ARRIVE,0.6666666666666666,0.5,0.5714285714285714,4.0
ART,0.8,0.8,0.8,5.0
ARTICLE,1.0,0.8,0.8888888888888888,5.0
ARTICULATE SIGN,1.0,1.0,1.0,5.0
ASIA,1.0,0.8,0.8888888888888888,5.0
ASSIGN,1.0,0.8,0.8888888888888888,5.0
ASTRONAUT,1.0,1.0,1.0,5.0
AT,1.0,1.0,1.0,5.0
ATHLETE,0.8333333333333334,1.0,0.9090909090909091,5.0
ATTENTION,1.0,1.0,1.0,5.0
ATTITUDE,0.7142857142857143,1.0,0.8333333333333334,5.0
AUDIENCE,0.8333333333333334,1.0,0.9090909090909091,5.0
AUDITORIUM,1.0,0.8,0.8888888888888888,5.0
AUNT,0.8,0.8,0.8,5.0
AUSTRALIA,1.0,1.0,1.0,5.0
AUTISM1,1.0,1.0,1.0,5.0
AUTISM2,1.0,1.0,1.0,5.0
AUTOMATIC,0.8333333333333334,1.0,0.9090909090909091,5.0
AWKWARD,1.0,1.0,1.0,5.0
BABY,0.8333333333333334,1.0,0.9090909090909091,10.0
BAD,1.0,1.0,1.0,5.0
BALL,1.0,1.0,1.0,5.0
BECAUSE,1.0,0.6,0.75,5.0
BEDROOM,1.0,0.8,0.8888888888888888,5.0
BEFORE,1.0,1.0,1.0,4.0
BEHIND,1.0,0.6,0.75,5.0
BICYCLE,1.0,1.0,1.0,5.0
BIG,1.0,0.8,0.8888888888888888,5.0
BIRTH,0.75,0.6,0.6666666666666666,5.0
BLUE,1.0,0.8,0.8888888888888888,5.0
BODY,1.0,1.0,1.0,5.0
BOOK,0.8333333333333334,1.0,0.9090909090909091,5.0
BORED,0.875,0.7,0.7777777777777778,10.0
BORROW,0.8333333333333334,1.0,0.9090909090909091,5.0
BOSS,1.0,1.0,1.0,5.0
BOY,1.0,1.0,1.0,5.0
BREAD,1.0,1.0,1.0,5.0
BREAK,0.8333333333333334,1.0,0.9090909090909091,5.0
BREAKDOWN,1.0,1.0,1.0,5.0
BROTHER,1.0,1.0,1.0,5.0
BUS,1.0,1.0,1.0,5.0
BUT,1.0,1.0,1.0,5.0
BUTTER,1.0,1.0,1.0,5.0
BUY,0.8,0.8,0.8,5.0
CALL,1.0,0.9,0.9473684210526315,10.0
CAMERA,1.0,1.0,1.0,5.0
CAN,0.9,0.9,0.9,10.0
CANADA,1.0,0.4,0.5714285714285714,5.0
CANDY,0.8888888888888888,0.8,0.8421052631578947,10.0
CANNOT,1.0,1.0,1.0,5.0
CAR,1.0,1.0,1.0,5.0
CARRY,0.8333333333333334,1.0,0.9090909090909091,5.0
CENTER,1.0,1.0,1.0,5.0
CHAIR,0.7142857142857143,1.0,0.8333333333333334,5.0
CHALLENGE,0.7142857142857143,1.0,0.8333333333333334,5.0
CHAT,0.8333333333333334,1.0,0.9090909090909091,5.0
CHEAP,1.0,1.0,1.0,5.0
CHECK,1.0,0.8,0.8888888888888888,5.0
CHILD,0.8333333333333334,1.0,0.9090909090909091,5.0
CHILDREN,1.0,1.0,1.0,5.0
CHOCOLATE,1.0,0.8,0.8888888888888888,5.0
CHURCH,1.0,1.0,1.0,5.0
CITY,0.8181818181818182,0.9,0.8571428571428571,10.0
CLASS,1.0,1.0,1.0,5.0
CLEAN,1.0,0.8,0.8888888888888888,5.0
COFFEE,0.75,0.6,0.6666666666666666,5.0
COLD,1.0,1.0,1.0,5.0
COLLEGE,0.8,0.8,0.8,5.0
COMFORTABLE,0.7142857142857143,1.0,0.8333333333333334,5.0
COMMUNICATION,1.0,1.0,1.0,5.0
COMPUTER,0.8333333333333334,1.0,0.9090909090909091,5.0
CONFUSED,1.0,1.0,1.0,10.0
COOK,0.7142857142857143,1.0,0.8333333333333334,5.0
COOL,0.8095238095238095,0.8947368421052632,0.85,19.0
COUNTRY,1.0,1.0,1.0,5.0
COUSIN,1.0,0.8,0.8888888888888888,5.0
CRAZY,1.0,0.6,0.75,5.0
DAY,1.0,1.0,1.0,5.0
DECIDE,1.0,1.0,1.0,10.0
DIE,1.0,0.8,0.8888888888888888,5.0
DIRTY,0.8333333333333334,1.0,0.9090909090909091,5.0
DIVORCE,0.8333333333333334,1.0,0.9090909090909091,5.0
DOCTOR,0.9,0.9,0.9,10.0
DONT CARE,1.0,0.8,0.8888888888888888,5.0
DONT KNOW,1.0,1.0,1.0,5.0
DONT LIKE,1.0,1.0,1.0,5.0
DONT NEED,1.0,0.8,0.8888888888888888,5.0
DONT WANT,0.8,0.8,0.8,5.0
DOOR,1.0,1.0,1.0,5.0
DOWN,0.75,0.6,0.6666666666666666,5.0
DREAM,0.8333333333333334,1.0,0.9090909090909091,5.0
DRINK,0.8333333333333334,1.0,0.9090909090909091,10.0
DRIVE,1.0,0.8,0.8888888888888888,5.0
DROP,1.0,0.8,0.8888888888888888,5.0
DRUNK,0.8,0.8,0.8,5.0
EASY,1.0,1.0,1.0,5.0
EAT,1.0,1.0,1.0,10.0
EMAIL,1.0,1.0,1.0,5.0
EMOTION,0.8333333333333334,1.0,0.9090909090909091,5.0
EMPTY,0.9090909090909091,1.0,0.9523809523809523,10.0
ENJOY,1.0,0.8,0.8888888888888888,5.0
EQUAL,1.0,1.0,1.0,5.0
EXCITED,1.0,1.0,1.0,5.0
EXERCISE,1.0,1.0,1.0,5.0
EXPENSIVE,1.0,1.0,1.0,5.0
EXPERIENCE,1.0,1.0,1.0,5.0
FALL,0.75,0.6,0.6666666666666666,10.0
FAMILY,1.0,1.0,1.0,5.0
FAST,1.0,1.0,1.0,5.0
FATHER,0.625,1.0,0.7692307692307693,5.0
FAVORITE,1.0,0.8,0.8888888888888888,5.0
FEEL,0.8,0.8,0.8,5.0
FIGHT,1.0,0.8,0.8888888888888888,5.0
FINE,0.75,0.9,0.8181818181818182,10.0
FINGERSPELL,1.0,1.0,1.0,5.0
FINISH,0.8333333333333334,1.0,0.9090909090909091,5.0
FIX,1.0,0.6,0.75,5.0
FLOOR,1.0,1.0,1.0,5.0
FOR,1.0,1.0,1.0,5.0
FOUR,1.0,1.0,1.0,5.0
FRANCE,1.0,1.0,1.0,5.0
FREE,0.8333333333333334,1.0,0.9090909090909091,5.0
FRIDAY,1.0,0.8,0.8888888888888888,5.0
FRIEND,1.0,1.0,1.0,5.0
FRIENDLY,1.0,1.0,1.0,5.0
FULL,1.0,0.6,0.75,5.0
FUNNY,1.0,1.0,1.0,5.0
GAME,1.0,1.0,1.0,5.0
GET,1.0,0.8,0.8888888888888888,5.0
GIRL,1.0,0.8,0.8888888888888888,5.0
GIVE,0.6666666666666666,0.8,0.7272727272727273,5.0
GLASSES,1.0,0.8,0.8888888888888888,5.0
GO,1.0,0.8,0.8888888888888888,5.0
GONE,1.0,1.0,1.0,5.0
GRADUATE,1.0,1.0,1.0,5.0
GRANDFATHER,1.0,0.6,0.75,5.0
GROUP,1.0,1.0,1.0,5.0
GROW UP,1.0,0.6,0.75,5.0
HAIR,0.8333333333333334,1.0,0.9090909090909091,5.0
HAMBURGER,0.8,0.8,0.8,5.0
HAPPY,1.0,0.75,0.8571428571428571,4.0
HARD,1.0,0.8,0.8888888888888888,5.0
HAVE,1.0,0.4,0.5714285714285714,5.0
HE,0.8,1.0,0.8888888888888888,4.0
HEADACHE,0.8333333333333334,1.0,0.9090909090909091,5.0
HEARING,1.0,1.0,1.0,5.0
HEART,1.0,1.0,1.0,5.0
HEAVY,0.8,0.8,0.8,5.0
HELLO,1.0,1.0,1.0,5.0
HELP,0.8,0.8,0.8,5.0
HIGH,1.0,0.8,0.8888888888888888,5.0
HOCKEY,0.8333333333333334,1.0,0.9090909090909091,5.0
HOME,1.0,1.0,1.0,5.0
HONEST,1.0,0.8,0.8888888888888888,5.0
HONOR,1.0,1.0,1.0,5.0
HOSPITAL,1.0,1.0,1.0,10.0
HOT,0.8333333333333334,1.0,0.9090909090909091,5.0
HOTDOG,1.0,1.0,1.0,5.0
HOUSE,0.8,0.8,0.8,5.0
HOW,0.75,1.0,0.8571428571428571,6.0
HUNGRY,1.0,1.0,1.0,4.0
I LOVE YOU,1.0,1.0,1.0,5.0
IF,1.0,1.0,1.0,5.0
IMAGINE,1.0,1.0,1.0,10.0
IMPORTANT,1.0,1.0,1.0,5.0
IMPOSSIBLE,0.8,0.8,0.8,5.0
IN,0.7142857142857143,1.0,0.8333333333333334,5.0
INTERNET,1.0,1.0,1.0,4.0
INVITE,0.8333333333333334,1.0,0.9090909090909091,5.0
JACKET,0.85,0.8947368421052632,0.8717948717948718,19.0
JEALOUS,1.0,1.0,1.0,5.0
KEY,0.8333333333333334,1.0,0.9090909090909091,5.0
KID,1.0,1.0,1.0,5.0
KNIFE,1.0,0.9,0.9473684210526315,10.0
KNOW,1.0,0.8,0.8888888888888888,5.0
LANGUAGE,1.0,0.8,0.8888888888888888,5.0
LAST,1.0,1.0,1.0,5.0
LATE,0.8333333333333334,1.0,0.9090909090909091,5.0
LATER,0.8333333333333334,1.0,0.9090909090909091,5.0
LAUGH,1.0,1.0,1.0,5.0
LEARN,0.8333333333333334,1.0,0.9090909090909091,5.0
LEAVE,0.8,0.8,0.8,5.0
LECTURE,1.0,0.8,0.8888888888888888,5.0
LEFT,1.0,1.0,1.0,5.0
LEND,1.0,0.8,0.8888888888888888,5.0
LETTER,0.9090909090909091,1.0,0.9523809523809523,10.0
LIBRARY,0.8,0.8,0.8,5.0
LIGHT,1.0,0.6,0.75,5.0
LIKE,1.0,0.6,0.75,5.0
LISTEN,0.8333333333333334,1.0,0.9090909090909091,5.0
LIVE,1.0,0.6,0.75,10.0
LONELY,1.0,1.0,1.0,5.0
LONG,0.8333333333333334,1.0,0.9090909090909091,5.0
LOOK FOR,1.0,0.8,0.8888888888888888,5.0
LOUD,0.8333333333333334,1.0,0.9090909090909091,5.0
MACHINE,0.8333333333333334,1.0,0.9090909090909091,5.0
MAGAZINE,1.0,0.8,0.8888888888888888,5.0
MAKE,0.6666666666666666,0.8,0.7272727272727273,5.0
MAN,1.0,1.0,1.0,5.0
MARRY,0.8333333333333334,1.0,0.9090909090909091,5.0
MAYBE,1.0,1.0,1.0,5.0
ME,1.0,1.0,1.0,4.0
MEAN,1.0,0.9,0.9473684210526315,10.0
MEET,1.0,1.0,1.0,4.0
MILK,0.8333333333333334,1.0,0.9090909090909091,10.0
MISS,1.0,0.8,0.8888888888888888,5.0
MISUNDERSTAND,0.8333333333333334,1.0,0.9090909090909091,5.0
MODEL,1.0,1.0,1.0,6.0
MONDAY,0.8333333333333334,1.0,0.9090909090909091,5.0
MONEY1,1.0,0.8,0.8888888888888888,5.0
MONEY2,0.6,0.6,0.6,5.0
MONTH,1.0,1.0,1.0,5.0
MORE,0.8333333333333334,1.0,0.9090909090909091,5.0
MORNING,1.0,0.8,0.8888888888888888,5.0
MOST,0.8333333333333334,1.0,0.9090909090909091,5.0
MOTHER,1.0,1.0,1.0,5.0
MUCH,1.0,1.0,1.0,5.0
MUST,1.0,1.0,1.0,5.0
MY,1.0,1.0,1.0,5.0
NAME,0.7142857142857143,1.0,0.8333333333333334,5.0
NEW,1.0,0.8,0.8888888888888888,5.0
NICE,0.8,1.0,0.8888888888888888,4.0
NO,1.0,1.0,1.0,5.0
NONE,0.75,0.6,0.6666666666666666,5.0
NOT,0.8,1.0,0.8888888888888888,4.0
NUMBERS,0.8333333333333334,1.0,0.9090909090909091,5.0
NURSE,1.0,0.6,0.75,5.0
OFFICE,1.0,0.8,0.8888888888888888,5.0
OH I SEE,1.0,0.8,0.8888888888888888,5.0
ONION,1.0,1.0,1.0,5.0
OTHER,1.0,1.0,1.0,5.0
OUT,1.0,1.0,1.0,5.0
PAIN,1.0,1.0,1.0,5.0
PARENTS,1.0,1.0,1.0,5.0
PARK,1.0,0.8,0.8888888888888888,5.0
PAST,1.0,1.0,1.0,5.0
PATIENT,0.8125,0.9285714285714286,0.8666666666666667,14.0
PEN,1.0,0.8,0.8888888888888888,5.0
PENCIL,1.0,0.8,0.8888888888888888,5.0
PEOPLE,1.0,1.0,1.0,5.0
PERSON,1.0,1.0,1.0,5.0
PHONE,1.0,1.0,1.0,5.0
PITY,1.0,1.0,1.0,5.0
PLAY,1.0,1.0,1.0,5.0
PLEASE,0.8333333333333334,1.0,0.9090909090909091,5.0
POOR,1.0,0.8,0.8888888888888888,5.0
POTATO,1.0,1.0,1.0,5.0
PRACTICE,1.0,1.0,1.0,5.0
PRESIDENT,1.0,1.0,1.0,5.0
PRETTY,0.8,0.8,0.8,5.0
PRINT,1.0,0.8,0.8888888888888888,5.0
QUIET,0.8333333333333334,1.0,0.9090909090909091,5.0
RAIN,1.0,1.0,1.0,5.0
READ,1.0,0.8,0.8888888888888888,5.0
READY,1.0,1.0,1.0,5.0
REASON,1.0,1.0,1.0,5.0
RELATIONSHIP,1.0,1.0,1.0,5.0
RELAX,1.0,0.8,0.8888888888888888,5.0
RESTAURANT,0.8333333333333334,1.0,0.9090909090909091,5.0
RICH,1.0,1.0,1.0,5.0
RIGHT,0.8666666666666667,0.8666666666666667,0.8666666666666667,15.0
ROOM,1.0,1.0,1.0,5.0
RUN,1.0,1.0,1.0,10.0
SAD,1.0,0.6,0.75,5.0
SALAD,1.0,0.8,0.8888888888888888,5.0
SAME,0.8,0.8,0.8,5.0
SCARED,1.0,1.0,1.0,5.0
SELF,0.8333333333333334,1.0,0.9090909090909091,5.0
SELL,1.0,1.0,1.0,5.0
SHOP,0.875,0.7,0.7777777777777778,10.0
SHOULD,1.0,1.0,1.0,5.0
SHOW,0.8333333333333334,1.0,0.9090909090909091,5.0
SHOWER,1.0,1.0,1.0,5.0
SHY,1.0,0.6,0.75,5.0
SICK,1.0,1.0,1.0,5.0
SISTER,0.8,0.8,0.8,5.0
SIT,1.0,0.8,0.8888888888888888,5.0
SLEEP,0.625,1.0,0.7692307692307693,5.0
SLOW,0.6666666666666666,1.0,0.8,4.0
SMALL,1.0,1.0,1.0,5.0
SMART,1.0,1.0,1.0,5.0
SON,1.0,1.0,1.0,5.0
SORRY,0.7142857142857143,1.0,0.8333333333333334,5.0
STAND,0.9090909090909091,1.0,0.9523809523809523,10.0
START,0.8333333333333334,1.0,0.9090909090909091,5.0
STATE,1.0,1.0,1.0,5.0
STAY,1.0,1.0,1.0,5.0
STILL,1.0,1.0,1.0,5.0
STOP,1.0,0.75,0.8571428571428571,4.0
STRANGE,1.0,1.0,1.0,5.0
STRESS,0.8,0.8,0.8,5.0
STRONG,1.0,0.8,0.8888888888888888,5.0
STUBBORN,1.0,1.0,1.0,5.0
STUDENT,0.8333333333333334,1.0,0.9090909090909091,5.0
STUDY,1.0,1.0,1.0,5.0
STUPID,0.8333333333333334,1.0,0.9090909090909091,10.0
SUMMER,0.8333333333333334,1.0,0.9090909090909091,5.0
SURE,1.0,1.0,1.0,5.0
SURPRISE,0.8333333333333334,1.0,0.9090909090909091,5.0
TABLE,1.0,1.0,1.0,5.0
TAKE,1.0,1.0,1.0,5.0
TAKE CARE,1.0,1.0,1.0,5.0
TALL,0.9090909090909091,1.0,0.9523809523809523,10.0
TEA,1.0,1.0,1.0,5.0
TEACH,0.9090909090909091,1.0,0.9523809523809523,10.0
TEACHER,1.0,0.8,0.8888888888888888,5.0
TEAM,1.0,1.0,1.0,5.0
TELL,1.0,1.0,1.0,5.0
TEST,1.0,1.0,1.0,5.0
THAT,1.0,1.0,1.0,5.0
THEY,1.0,1.0,1.0,9.0
THIN,1.0,1.0,1.0,5.0
THIRSTY,1.0,1.0,1.0,5.0
THREE,1.0,1.0,1.0,5.0
THURSDAY,0.8333333333333334,1.0,0.9090909090909091,5.0
TIME,0.8,0.8,0.8,5.0
TIRED,0.8333333333333334,1.0,0.9090909090909091,5.0
TODAY,1.0,1.0,1.0,4.0
TOMORROW,1.0,0.8,0.8888888888888888,5.0
TRAIN,1.0,1.0,1.0,5.0
TRAVEL,1.0,1.0,1.0,5.0
TRY,1.0,1.0,1.0,5.0
TV,1.0,1.0,1.0,5.0
TWO,1.0,1.0,1.0,5.0
TYPE,1.0,1.0,1.0,10.0
UGLY,1.0,1.0,1.0,5.0
UNCLE,1.0,0.8,0.8888888888888888,5.0
UNDERSTAND,1.0,1.0,1.0,5.0
UNIVERSITY,1.0,1.0,1.0,5.0
UP,1.0,1.0,1.0,5.0
VACATION,1.0,0.8,0.8888888888888888,5.0
VISIT,1.0,1.0,1.0,5.0
WAIT,0.8333333333333334,1.0,0.9090909090909091,5.0
WALK,1.0,0.6,0.75,10.0
WANT,0.9,0.9,0.9,10.0
WARM,1.0,0.8,0.8888888888888888,5.0
WARN,1.0,0.8,0.8888888888888888,5.0
WASH,1.0,1.0,1.0,10.0
WATER,1.0,0.8,0.8888888888888888,5.0
WE,0.8333333333333334,1.0,0.9090909090909091,5.0
WEAK,0.75,0.6,0.6666666666666666,5.0
WEAR,1.0,0.75,0.8571428571428571,4.0
WEDNESDAY,1.0,0.8,0.8888888888888888,5.0
WEEK,0.8,0.8,0.8,5.0
WELCOME,0.875,0.875,0.875,8.0
WHAT,0.8571428571428571,1.0,0.9230769230769231,6.0
WHAT FOR,0.9333333333333333,1.0,0.9655172413793104,14.0
WHERE,1.0,1.0,1.0,5.0
WHICH,1.0,0.8,0.8888888888888888,5.0
WHO,1.0,1.0,1.0,5.0
WHY,1.0,1.0,1.0,4.0
WIFE,1.0,1.0,1.0,5.0
WILL,0.5555555555555556,1.0,0.7142857142857143,5.0
WINDOW,1.0,0.8,0.8888888888888888,5.0
WISE,1.0,1.0,1.0,5.0
WOLF,1.0,0.6,0.75,5.0
WONDER,1.0,0.8,0.8888888888888888,5.0
WORK,1.0,1.0,1.0,4.0
WORLD,1.0,1.0,1.0,5.0
WORRY,0.8333333333333334,1.0,0.9090909090909091,5.0
WRITE,0.8333333333333334,1.0,0.9090909090909091,5.0
YEAR,0.8,1.0,0.8888888888888888,4.0
YES,0.7142857142857143,1.0,0.8333333333333334,5.0
YESTERDAY,0.75,0.6,0.6666666666666666,5.0
YOU,1.0,0.8,0.8888888888888888,5.0
YOUNG,1.0,1.0,1.0,4.0
YOUR,1.0,1.0,1.0,4.0
accuracy,0.9235908141962421,0.9235908141962421,0.9235908141962421,0.9235908141962421
macro avg,0.9374488732481929,0.9254188475724459,0.9244909845657405,2395.0
weighted avg,0.9340109716310133,0.9235908141962421,0.9220464158389509,2395.0
